{
    "AS_Button_7cd299b680d44fd2bee0550463031bcc": {
        "id": "AS_Button_7cd299b680d44fd2bee0550463031bcc",
        "type": "ACTION_SEQUENCE",
        "params": [{
            "datatype": "collection",
            "name": "eventobject"
        }],
        "contextObj": {
            "name": "frmLogin",
            "type": "forms",
            "platform": "",
            "KUID": "1514c68541154d169f85caee3ea8d122"
        },
        "language": "js",
        "actions": [{
            "id": "ADD_SNIPPET__1bf732f8227c41f48c70bb4a94c145ed",
            "type": "ADD_SNIPPET",
            "codeSnippet": "rememberMeFuntionality();",
            "parentId": null,
            "callbackType": null
        }]
    }
}