{
    "AS_Button_933e885cd19a4abb815060e2db635335": {
        "id": "AS_Button_933e885cd19a4abb815060e2db635335",
        "type": "ACTION_SEQUENCE",
        "params": [{
            "datatype": "collection",
            "name": "eventobject"
        }],
        "language": "js",
        "actions": [{
            "id": "ADD_SNIPPET_ide_onClick_9c3d6933a8e34ce387c0c07ab6ea4037",
            "type": "ADD_SNIPPET",
            "codeSnippet": "  var frmId = kony.application.getCurrentForm();\n      if (frmId[\"flxParent\"].left == \"0%\")\n      {\n        frmId[\"flxParent\"].animate(\n        kony.ui.createAnimation({      \n          100:{\n      \t\t\"left\":  \"70%\",\n      \t\t\"stepConfig\": {\"timingFunction\": kony.anim.EASIN_IN_OUT}} \n      }),{\"fillMode\": kony.anim.FILL_MODE_FORWARDS,\"duration\": 0.20,\"delay\":0.20},{\n\t\t\t\t\"animationEnd\": function() {\n                  //frmId.flxCloseMenu.isVisible = false;\n\t\t\t\t}\n\t\t\t});\n      }\n      else\n        {\n          //frmId.flxCloseMenu.isVisible = true;\n          frmId[\"flxParent\"].animate(\n            kony.ui.createAnimation({      \n              100:{\n                \"left\": \"0%\",\n                \"stepConfig\": {\"timingFunction\": kony.anim.EASIN_IN_OUT}} \n          }),{\"fillMode\": kony.anim.FILL_MODE_FORWARDS,\"duration\": 0.20,\"delay\":0.20},{});\n        }\n\t\t\n\t\t\n\t\t\n    ",
            "callbackType": null
        }]
    }
}