{
    "AS_Button_d6c0b3205c6247789167a1b2dc7bf5c3": {
        "id": "AS_Button_d6c0b3205c6247789167a1b2dc7bf5c3",
        "type": "ACTION_SEQUENCE",
        "params": [{
            "datatype": "collection",
            "name": "eventobject"
        }],
        "language": "js",
        "actions": [{
            "id": "NAVIGATE_TO_FORM__ide_onClick_34f3038e254f42a983294230245633e1",
            "type": "NAVIGATE_TO_FORM",
            "formKUID": "9d707741162a41309883d8e94cac95f0",
            "mappings": {},
            "mappingsOrder": [],
            "parentId": "",
            "callbackType": null,
            "enableMappingEditor": true
        }]
    }
}