{
    "AS_Button_4d3df061f1bc453997064a67f467ee36": {
        "id": "AS_Button_4d3df061f1bc453997064a67f467ee36",
        "type": "ACTION_SEQUENCE",
        "params": [{
            "datatype": "collection",
            "name": "eventobject"
        }],
        "language": "js",
        "actions": [{
            "id": "ADD_SNIPPET_ide_onClick_c6141b65fcd841f3a8b17e5588912261",
            "type": "ADD_SNIPPET",
            "codeSnippet": "  \tclient = kony.sdk.getCurrentInstance();\n  \tidentityInstance = client.getIdentityService(\"identitySalesForce\");\n  \tif((frmLogin.txtbxUserName.text != \"\" && frmLogin.txtbxUserName.text != undefined) && (frmLogin.txtbxPassword.text != \"\" && frmLogin.txtbxPassword.text != undefined))\n      {\n    iparams={\"userid\": frmLogin.txtbxUserName.text,\n                    \"password\": frmLogin.txtbxPassword.text+securityToken\n               \t\t};\n    kony.application.showLoadingScreen(\"loadingScreen\",\"Loading...\",constants.LOADING_SCREEN_POSITION_FULL_SCREEN, true,true,null);\n    identityInstance.login(iparams, function(response){\n  kony.application.dismissLoadingScreen();\n  frmDashboard.show();\n}, function(res) {\n\t kony.application.dismissLoadingScreen();  \n \tvar infoAlert = kony.ui.Alert({\n            message: JSON.stringify(res),\n            alertType: constants.ALERT_TYPE_INFO,\n            alertTitle: \"Kony\",\n            yesLabel: \"OK\",\n            noLabel: \"Cancel\",\n            alertHandler: null\n        }, {});\n});\n      }\n\t\telse\n          {\n            \tvar infoAlert = kony.ui.Alert({\n                                                message: \"Please enter required fields.\",\n                                                alertType: constants.ALERT_TYPE_INFO,\n                                                alertTitle: \"Forrester\",\n                                                yesLabel: \"OK\",\n                                                noLabel: \"Cancel\",\n                                                alertHandler: null\n                                            }, {});       \n          }",
            "callbackType": null
        }]
    }
}