{
    "AS_Button_eb569bed1e3743c0b60441ca51cd1e7f": {
        "id": "AS_Button_eb569bed1e3743c0b60441ca51cd1e7f",
        "type": "ACTION_SEQUENCE",
        "params": [{
            "datatype": "collection",
            "name": "eventobject"
        }],
        "contextObj": {
            "name": "frmDashboard",
            "type": "forms",
            "platform": "",
            "KUID": "7fa478994d0243ebafe1e599aee9b6bc"
        },
        "language": "js",
        "actions": [{
            "id": "ADD_SNIPPET__f6f8c3e00cdd44ef866eb97278ca71b0",
            "type": "ADD_SNIPPET",
            "codeSnippet": "  var frmId = kony.application.getCurrentForm();\n      if (frmId[\"flxParent\"].left == \"0%\")\n      {\n        frmId[\"flxParent\"].animate(\n        kony.ui.createAnimation({      \n          100:{\n      \t\t\"left\":  \"70%\",\n      \t\t\"stepConfig\": {\"timingFunction\": kony.anim.EASIN_IN_OUT}} \n      }),{\"fillMode\": kony.anim.FILL_MODE_FORWARDS,\"duration\": 0.20,\"delay\":0.20},{\n\t\t\t\t\"animationEnd\": function() {\n                  //frmId.flxCloseMenu.isVisible = false;\n\t\t\t\t}\n\t\t\t});\n      }\n      else\n        {\n          //frmId.flxCloseMenu.isVisible = true;\n          frmId[\"flxParent\"].animate(\n            kony.ui.createAnimation({      \n              100:{\n                \"left\": \"0%\",\n                \"stepConfig\": {\"timingFunction\": kony.anim.EASIN_IN_OUT}} \n          }),{\"fillMode\": kony.anim.FILL_MODE_FORWARDS,\"duration\": 0.20,\"delay\":0.20},{});\n        }\n\t\t\n\t\t\n\t\t\n    ",
            "parentId": null,
            "callbackType": null
        }]
    }
}