{
    "AS_Button_f817d4006f354ceabdf8fd80a0007a30": {
        "id": "AS_Button_f817d4006f354ceabdf8fd80a0007a30",
        "type": "ACTION_SEQUENCE",
        "params": [{
            "datatype": "collection",
            "name": "eventobject"
        }],
        "contextObj": {
            "name": "frmLogin",
            "type": "forms",
            "platform": "",
            "KUID": "1514c68541154d169f85caee3ea8d122"
        },
        "language": "js",
        "actions": [{
            "id": "INVOKE_ASYNC_SERVICE__f67f0b14d6864d038cd65de6ca42c443",
            "type": "INVOKE_ASYNC_SERVICE",
            "inputparams": null,
            "httpheaders": null,
            "httpconfigs": null,
            "isasynchronous": true,
            "mappings": {},
            "mappingsOrder": [],
            "parentId": null,
            "callbackType": null,
            "enableMappingEditor": true
        }]
    }
}