{
    "AS_Button_f9ae21aef79f47d5add2e8daae02b161": {
        "id": "AS_Button_f9ae21aef79f47d5add2e8daae02b161",
        "type": "ACTION_SEQUENCE",
        "params": [{
            "datatype": "collection",
            "name": "eventobject"
        }],
        "contextObj": {
            "name": "frmLogin",
            "type": "forms",
            "platform": "",
            "KUID": "1514c68541154d169f85caee3ea8d122"
        },
        "language": "js",
        "actions": [{
            "id": "ADD_SNIPPET__b776f57e1c584c7e8330d64e49d44277",
            "type": "ADD_SNIPPET",
            "codeSnippet": "  \tclient = kony.sdk.getCurrentInstance();\n  \tidentityInstance = client.getIdentityService(\"identitySalesForce\");\n  \tif((frmLogin.txtbxUserName.text != \"\" && frmLogin.txtbxUserName.text != undefined) && (frmLogin.txtbxPassword.text != \"\" && frmLogin.txtbxPassword.text != undefined))\n      {\n    iparams={\"userid\": frmLogin.txtbxUserName.text,\n                    \"password\": frmLogin.txtbxPassword.text+securityToken\n               \t\t};\n    kony.application.showLoadingScreen(\"loadingScreen\",\"Loading...\",constants.LOADING_SCREEN_POSITION_FULL_SCREEN, true,true,null);\n    identityInstance.login(iparams, function(response){\n  kony.application.dismissLoadingScreen();\n  frmDashboard.show();\n}, function(res) {\n\t kony.application.dismissLoadingScreen();  \n \tvar infoAlert = kony.ui.Alert({\n            message: JSON.stringify(res),\n            alertType: constants.ALERT_TYPE_INFO,\n            alertTitle: \"Kony\",\n            yesLabel: \"OK\",\n            noLabel: \"Cancel\",\n            alertHandler: null\n        }, {});\n});\n      }\n\t\telse\n          {\n            \tvar infoAlert = kony.ui.Alert({\n                                                message: \"Please enter required fields.\",\n                                                alertType: constants.ALERT_TYPE_INFO,\n                                                alertTitle: \"Forrester\",\n                                                yesLabel: \"OK\",\n                                                noLabel: \"Cancel\",\n                                                alertHandler: null\n                                            }, {});       \n          }",
            "parentId": null,
            "callbackType": null
        }]
    }
}