{
    "AS_Button_04150d98f54a43588d26d09a4ad5fee6": {
        "id": "AS_Button_04150d98f54a43588d26d09a4ad5fee6",
        "type": "ACTION_SEQUENCE",
        "params": [{
            "datatype": "collection",
            "name": "eventobject"
        }],
        "contextObj": {
            "name": "frmAccountDetails",
            "type": "forms",
            "platform": "",
            "KUID": "379bcd4576bf4cedbc5f3ed4362b121b"
        },
        "language": "js",
        "actions": [{
            "id": "ADD_SNIPPET__76058147b94b4feca12a273d5723b854",
            "type": "ADD_SNIPPET",
            "codeSnippet": "kony.phone.dial(frmAccountDetails.lblPhoneNumKA.text);",
            "parentId": null,
            "callbackType": null
        }]
    }
}