{
    "AS_Button_a153c45c44a9428b95824d0362caa0bd": {
        "id": "AS_Button_a153c45c44a9428b95824d0362caa0bd",
        "type": "ACTION_SEQUENCE",
        "params": [{
            "datatype": "collection",
            "name": "eventobject"
        }],
        "contextObj": {
            "name": "frmDashboard",
            "type": "forms",
            "platform": "",
            "KUID": "7fa478994d0243ebafe1e599aee9b6bc"
        },
        "language": "js",
        "actions": [{
            "id": "NAVIGATE_TO_FORM___b9e3598d4b7d42ccaf24b41d5e670487",
            "type": "NAVIGATE_TO_FORM",
            "formId": "frmAccountList",
            "formKUID": "9e1347a67cdb4e9c8501d2589037ac87",
            "mappings": {},
            "mappingsOrder": [],
            "parentId": "",
            "callbackType": null,
            "enableMappingEditor": true
        }]
    }
}