{
    "AS_FlexContainer_1f3b15e71da84538b6b5978cf9f78fd7": {
        "id": "AS_FlexContainer_1f3b15e71da84538b6b5978cf9f78fd7",
        "type": "ACTION_SEQUENCE",
        "params": [{
            "datatype": "collection",
            "name": "eventobject"
        }],
        "language": "js",
        "actions": [{
            "id": "ADD_SNIPPET_ide_onClick_4e13ef160eef463485b137c270827d96",
            "type": "ADD_SNIPPET",
            "codeSnippet": "sliderMenu();\nfrmDashboardKA.show();",
            "callbackType": null
        }]
    }
}