{
    "AS_FlexContainer_12c988935a834fe7900aefb8761bbe02": {
        "id": "AS_FlexContainer_12c988935a834fe7900aefb8761bbe02",
        "type": "ACTION_SEQUENCE",
        "params": [{
            "datatype": "collection",
            "name": "eventobject"
        }],
        "contextObj": {
            "name": "Form009721c72621444",
            "type": "forms",
            "platform": null,
            "KUID": "a5035e20d6924282a8dca7604bf0d542"
        },
        "sourceObj": {
            "itemKUID": "a64bf3be88fb4625ab27ec58eca72dc6",
            "widgetKUID": "d5ef017f114c440eaf48e05459df652c",
            "evt": "onClick",
            "platform": null
        },
        "language": "js",
        "actions": []
    }
}