{
    "AS_FlexContainer_00cbd4402f7c4c7c880cba78a6d407ca": {
        "id": "AS_FlexContainer_00cbd4402f7c4c7c880cba78a6d407ca",
        "type": "ACTION_SEQUENCE",
        "params": [{
            "datatype": "collection",
            "name": "eventobject"
        }],
        "sourceObj": {
            "itemKUID": "9eabf76e652f403eba8d0172900a96ef",
            "widgetKUID": "8f802c6ba1db47a890609c9cf8a913e4",
            "evt": "onClick",
            "platform": null
        },
        "language": "js",
        "actions": [{
            "id": "NAMED_ACTION____7d18feddefe44e0abb3147bea255346c",
            "type": "NAMED_ACTION",
            "sequenceKUID": "AS_FlexContainer_0a1fdffbdb1e4243827494e5b630b502",
            "display": "AS_FlexContainer_0a1fdffbdb1e4243827494e5b630b502",
            "inputparams": [{
                "datatype": "collection",
                "name": "eventobject",
                "value": "eventobject"
            }],
            "parentId": null,
            "callbackType": null,
            "disabled": false,
            "isMasterInstanceAction": true
        }]
    }
}