{
    "AS_FlexContainer_0a7cfe77240947869039909fc9d3c0bf": {
        "id": "AS_FlexContainer_0a7cfe77240947869039909fc9d3c0bf",
        "type": "ACTION_SEQUENCE",
        "params": [{
            "datatype": "collection",
            "name": "eventobject"
        }],
        "contextObj": {
            "name": "frmDashboard",
            "type": "forms",
            "platform": "",
            "KUID": "7fa478994d0243ebafe1e599aee9b6bc"
        },
        "sourceObj": {
            "itemKUID": "a64bf3be88fb4625ab27ec58eca72dc6",
            "widgetKUID": "05a6f9ac183b412c8943729011e7afcf",
            "evt": "onClick",
            "platform": null
        },
        "language": "js",
        "actions": [{
            "id": "NAMED_ACTION____2afbe0ecb5e34e15ab985ecd26f8819f",
            "type": "NAMED_ACTION",
            "sequenceKUID": "AS_FlexContainer_2a5a83d9c0514b3193684b83e4724198",
            "display": "AS_FlexContainer_2a5a83d9c0514b3193684b83e4724198",
            "inputparams": [{
                "datatype": "collection",
                "name": "eventobject",
                "value": "eventobject"
            }],
            "parentId": null,
            "callbackType": null,
            "disabled": false,
            "isMasterInstanceAction": true
        }]
    }
}