{
    "AS_FlexContainer_036f9ff504d74f2db553c3894ae6231f": {
        "id": "AS_FlexContainer_036f9ff504d74f2db553c3894ae6231f",
        "type": "ACTION_SEQUENCE",
        "params": [{
            "datatype": "collection",
            "name": "eventobject"
        }],
        "contextObj": {
            "name": "frmAccountList",
            "type": "forms",
            "platform": "",
            "KUID": "9e1347a67cdb4e9c8501d2589037ac87"
        },
        "sourceObj": {
            "itemKUID": "9eabf76e652f403eba8d0172900a96ef",
            "widgetKUID": "8f802c6ba1db47a890609c9cf8a913e4",
            "evt": "onClick",
            "platform": null
        },
        "language": "js",
        "actions": [{
            "id": "NAMED_ACTION____4db48e10fbdc45a98301bf9e51e090f8",
            "type": "NAMED_ACTION",
            "sequenceKUID": "AS_FlexContainer_0a1fdffbdb1e4243827494e5b630b502",
            "display": "AS_FlexContainer_0a1fdffbdb1e4243827494e5b630b502",
            "inputparams": [{
                "datatype": "collection",
                "name": "eventobject",
                "value": "eventobject"
            }],
            "parentId": null,
            "callbackType": null,
            "disabled": false,
            "isMasterInstanceAction": true
        }]
    }
}