{
    "AS_FlexContainer_27607ece004e4ac4a3cc67046848fb0c": {
        "id": "AS_FlexContainer_27607ece004e4ac4a3cc67046848fb0c",
        "type": "ACTION_SEQUENCE",
        "params": [{
            "datatype": "collection",
            "name": "eventobject"
        }],
        "contextObj": {
            "name": "frmDashboard",
            "type": "forms",
            "platform": "",
            "KUID": "7fa478994d0243ebafe1e599aee9b6bc"
        },
        "sourceObj": {
            "itemKUID": "9eabf76e652f403eba8d0172900a96ef",
            "widgetKUID": "eefeff23eb574d6d8a0ae0ff7f6211af",
            "evt": "onClick",
            "platform": null
        },
        "language": "js",
        "actions": [{
            "id": "NAMED_ACTION____4120d9c5305f4d55a2db2abf46e3f0c1",
            "type": "NAMED_ACTION",
            "sequenceKUID": "AS_FlexContainer_5dd61fe857ce4e8bba76a76de541f780",
            "display": "AS_FlexContainer_5dd61fe857ce4e8bba76a76de541f780",
            "inputparams": [{
                "datatype": "collection",
                "name": "eventobject",
                "value": "eventobject"
            }],
            "parentId": null,
            "callbackType": null,
            "disabled": false,
            "isMasterInstanceAction": true
        }]
    }
}