{
    "AS_FlexContainer_2b62379055ce438fb8b3c19dc20b6aa0": {
        "id": "AS_FlexContainer_2b62379055ce438fb8b3c19dc20b6aa0",
        "type": "ACTION_SEQUENCE",
        "params": [{
            "datatype": "collection",
            "name": "eventobject"
        }],
        "contextObj": {
            "name": "Form009721c72621444",
            "type": "forms",
            "platform": null,
            "KUID": "a5035e20d6924282a8dca7604bf0d542"
        },
        "sourceObj": {
            "itemKUID": "a64bf3be88fb4625ab27ec58eca72dc6",
            "widgetKUID": "acd795f07e4549afb1bfaf4872bab58e",
            "evt": "onClick",
            "platform": null
        },
        "language": "js",
        "actions": [{
            "id": "NAMED_ACTION____e6c72967025c43eea1c48b571c290d99",
            "type": "NAMED_ACTION",
            "sequenceKUID": "AS_FlexContainer_ba935d4c70c24b65a82647bd70c56e40",
            "display": "AS_FlexContainer_ba935d4c70c24b65a82647bd70c56e40",
            "inputparams": [{
                "datatype": "collection",
                "name": "eventobject",
                "value": "eventobject"
            }],
            "parentId": null,
            "callbackType": null,
            "disabled": false,
            "isMasterInstanceAction": true
        }]
    }
}