{
    "AS_FlexContainer_1cfe7e56a71946f78f83d616760cf950": {
        "id": "AS_FlexContainer_1cfe7e56a71946f78f83d616760cf950",
        "type": "ACTION_SEQUENCE",
        "params": [{
            "datatype": "collection",
            "name": "eventobject"
        }],
        "contextObj": {
            "name": "frmAccountDetails",
            "type": "forms",
            "platform": "",
            "KUID": "379bcd4576bf4cedbc5f3ed4362b121b"
        },
        "sourceObj": {
            "itemKUID": "a64bf3be88fb4625ab27ec58eca72dc6",
            "widgetKUID": "05a6f9ac183b412c8943729011e7afcf",
            "evt": "onClick",
            "platform": null
        },
        "language": "js",
        "actions": [{
            "id": "NAMED_ACTION____9dd4ee2f333a44809e42cf4950d35b9f",
            "type": "NAMED_ACTION",
            "sequenceKUID": "AS_FlexContainer_2a5a83d9c0514b3193684b83e4724198",
            "display": "AS_FlexContainer_2a5a83d9c0514b3193684b83e4724198",
            "inputparams": [{
                "datatype": "collection",
                "name": "eventobject",
                "value": "eventobject"
            }],
            "parentId": null,
            "callbackType": null,
            "disabled": false,
            "isMasterInstanceAction": true
        }]
    }
}