{
    "AS_FlexContainer_15a4725470fd4747a200f019a00e4ec0": {
        "id": "AS_FlexContainer_15a4725470fd4747a200f019a00e4ec0",
        "type": "ACTION_SEQUENCE",
        "params": [{
            "datatype": "collection",
            "name": "eventobject"
        }],
        "contextObj": {
            "name": "CopyfrmAccountListKA0b9e7949f30d14e",
            "type": "forms",
            "platform": null,
            "KUID": "be2c70ae680346f3b5c29f3509d9651e"
        },
        "sourceObj": {
            "itemKUID": "a64bf3be88fb4625ab27ec58eca72dc6",
            "widgetKUID": "82c9481cf97a45c3a9e294c871ff2d92",
            "evt": "onClick",
            "platform": null
        },
        "language": "js",
        "actions": [{
            "id": "NAMED_ACTION____162b56190afc4020b82288a398dcca8c",
            "type": "NAMED_ACTION",
            "sequenceKUID": "AS_FlexContainer_7f9c8829fe7444c6a68fb9d135a3208d",
            "display": "AS_FlexContainer_7f9c8829fe7444c6a68fb9d135a3208d",
            "inputparams": [{
                "datatype": "collection",
                "name": "eventobject",
                "value": "eventobject"
            }],
            "parentId": null,
            "callbackType": null,
            "disabled": false,
            "isMasterInstanceAction": true
        }]
    }
}