{
    "AS_FlexContainer_2a0fc6da23184deeb38c6808a7095e8a": {
        "id": "AS_FlexContainer_2a0fc6da23184deeb38c6808a7095e8a",
        "type": "ACTION_SEQUENCE",
        "params": [{
            "datatype": "collection",
            "name": "eventobject"
        }],
        "contextObj": {
            "name": "frmOpportunityList",
            "type": "forms",
            "platform": "",
            "KUID": "193dda2a77244e1b8c67346b17a1776f"
        },
        "sourceObj": {
            "itemKUID": "f7295fca3d614b3bacc1bfdea7c14d20",
            "widgetKUID": "77498a0fe1104164918f5d835bf8f533",
            "evt": "onClick",
            "platform": null
        },
        "language": "js",
        "actions": [{
            "id": "NAMED_ACTION____9c076c3be9a34aacb96907f1f789d913",
            "type": "NAMED_ACTION",
            "sequenceKUID": "AS_FlexContainer_fd073f4963f84a07a76e234a81cd78ab",
            "display": "AS_FlexContainer_fd073f4963f84a07a76e234a81cd78ab",
            "inputparams": [{
                "datatype": "collection",
                "name": "eventobject",
                "value": "eventobject"
            }],
            "parentId": null,
            "callbackType": null,
            "disabled": false,
            "isMasterInstanceAction": true
        }]
    }
}