{
    "AS_FlexContainer_1bd9280654354252ba6e2d216b2a1cce": {
        "id": "AS_FlexContainer_1bd9280654354252ba6e2d216b2a1cce",
        "type": "ACTION_SEQUENCE",
        "params": [{
            "datatype": "collection",
            "name": "eventobject"
        }],
        "contextObj": {
            "name": "frmAccountList",
            "type": "forms",
            "platform": "",
            "KUID": "9e1347a67cdb4e9c8501d2589037ac87"
        },
        "sourceObj": {
            "itemKUID": "a64bf3be88fb4625ab27ec58eca72dc6",
            "widgetKUID": "d5ef017f114c440eaf48e05459df652c",
            "evt": "onClick",
            "platform": null
        },
        "language": "js",
        "actions": []
    }
}