{
    "AS_FlexContainer_1f10fd945dbc4c279ff646a405dac3b8": {
        "id": "AS_FlexContainer_1f10fd945dbc4c279ff646a405dac3b8",
        "type": "ACTION_SEQUENCE",
        "params": [{
            "datatype": "collection",
            "name": "eventobject"
        }],
        "contextObj": {
            "name": "frmAccountList",
            "type": "forms",
            "platform": "",
            "KUID": "9e1347a67cdb4e9c8501d2589037ac87"
        },
        "sourceObj": {
            "itemKUID": "9eabf76e652f403eba8d0172900a96ef",
            "widgetKUID": "ef6061007e134322bc2cdc9c46104ed1",
            "evt": "onClick",
            "platform": null
        },
        "language": "js",
        "actions": [{
            "id": "NAMED_ACTION____112d85b9da654d88af66b43602f78031",
            "type": "NAMED_ACTION",
            "sequenceKUID": "AS_FlexContainer_b964a0a87c044c76a8d675991d32122d",
            "display": "AS_FlexContainer_b964a0a87c044c76a8d675991d32122d",
            "inputparams": [{
                "datatype": "collection",
                "name": "eventobject",
                "value": "eventobject"
            }],
            "parentId": null,
            "callbackType": null,
            "disabled": false,
            "isMasterInstanceAction": true
        }]
    }
}