{
    "AS_FlexContainer_0259c3389f46465ab6995a445459d57d": {
        "id": "AS_FlexContainer_0259c3389f46465ab6995a445459d57d",
        "type": "ACTION_SEQUENCE",
        "params": [{
            "datatype": "collection",
            "name": "eventobject"
        }],
        "contextObj": {
            "name": "Form009721c72621444",
            "type": "forms",
            "platform": null,
            "KUID": "a5035e20d6924282a8dca7604bf0d542"
        },
        "sourceObj": {
            "itemKUID": "a64bf3be88fb4625ab27ec58eca72dc6",
            "widgetKUID": "05a6f9ac183b412c8943729011e7afcf",
            "evt": "onClick",
            "platform": null
        },
        "language": "js",
        "actions": [{
            "id": "NAMED_ACTION____51af9153eb944fffb4f152d7a70c2fce",
            "type": "NAMED_ACTION",
            "sequenceKUID": "AS_FlexContainer_2a5a83d9c0514b3193684b83e4724198",
            "display": "AS_FlexContainer_2a5a83d9c0514b3193684b83e4724198",
            "inputparams": [{
                "datatype": "collection",
                "name": "eventobject",
                "value": "eventobject"
            }],
            "parentId": null,
            "callbackType": null,
            "disabled": false,
            "isMasterInstanceAction": true
        }]
    }
}