{
    "AS_FlexContainer_177357742a70422485aa492c663c2382": {
        "id": "AS_FlexContainer_177357742a70422485aa492c663c2382",
        "type": "ACTION_SEQUENCE",
        "params": [{
            "datatype": "collection",
            "name": "eventobject"
        }],
        "contextObj": {
            "name": "CopyfrmAccountListKA0b9e7949f30d14e",
            "type": "forms",
            "platform": null,
            "KUID": "be2c70ae680346f3b5c29f3509d9651e"
        },
        "sourceObj": {
            "itemKUID": "a64bf3be88fb4625ab27ec58eca72dc6",
            "widgetKUID": "05a6f9ac183b412c8943729011e7afcf",
            "evt": "onClick",
            "platform": null
        },
        "language": "js",
        "actions": [{
            "id": "NAMED_ACTION___ide_onClick_95a97b416c264b3fbf4c6292065b7706",
            "type": "NAMED_ACTION",
            "sequenceKUID": "AS_FlexContainer_2a5a83d9c0514b3193684b83e4724198",
            "display": "AS_FlexContainer_2a5a83d9c0514b3193684b83e4724198",
            "inputparams": [{
                "datatype": "collection",
                "name": "eventobject",
                "value": "eventobject"
            }],
            "callbackType": null,
            "disabled": false,
            "isMasterInstanceAction": true
        }]
    }
}