{
    "AS_FlexContainer_168c34a5538a4157994dba114139173f": {
        "id": "AS_FlexContainer_168c34a5538a4157994dba114139173f",
        "type": "ACTION_SEQUENCE",
        "params": [{
            "datatype": "collection",
            "name": "eventobject"
        }],
        "contextObj": {
            "name": "CopyfrmAccountListKA0b9e7949f30d14e",
            "type": "forms",
            "platform": null,
            "KUID": "be2c70ae680346f3b5c29f3509d9651e"
        },
        "sourceObj": {
            "itemKUID": "a64bf3be88fb4625ab27ec58eca72dc6",
            "widgetKUID": "acd795f07e4549afb1bfaf4872bab58e",
            "evt": "onClick",
            "platform": null
        },
        "language": "js",
        "actions": [{
            "id": "NAMED_ACTION___ide_onClick_db7e083aaff24767ac7561803d85278c",
            "type": "NAMED_ACTION",
            "sequenceKUID": "AS_FlexContainer_ba935d4c70c24b65a82647bd70c56e40",
            "display": "AS_FlexContainer_ba935d4c70c24b65a82647bd70c56e40",
            "inputparams": [{
                "datatype": "collection",
                "name": "eventobject",
                "value": "eventobject"
            }],
            "callbackType": null,
            "disabled": false,
            "isMasterInstanceAction": true
        }]
    }
}