{
    "AS_FlexContainer_2817f336c8744a4a8cba4f71928c5955": {
        "id": "AS_FlexContainer_2817f336c8744a4a8cba4f71928c5955",
        "type": "ACTION_SEQUENCE",
        "params": [{
            "datatype": "collection",
            "name": "eventobject"
        }],
        "contextObj": {
            "name": "frmOpportunityList",
            "type": "forms",
            "platform": "",
            "KUID": "193dda2a77244e1b8c67346b17a1776f"
        },
        "language": "js",
        "actions": [{
            "id": "ADD_SNIPPET__504143080fad4b51b78a24f6c70f9363",
            "type": "ADD_SNIPPET",
            "codeSnippet": "kony.print(\"nothing\");",
            "parentId": null,
            "callbackType": null
        }]
    }
}