{
    "AS_FlexContainer_243b68a5338b457ba5e34404452d47be": {
        "id": "AS_FlexContainer_243b68a5338b457ba5e34404452d47be",
        "type": "ACTION_SEQUENCE",
        "params": [{
            "datatype": "collection",
            "name": "eventobject"
        }],
        "sourceObj": {
            "itemKUID": "9eabf76e652f403eba8d0172900a96ef",
            "widgetKUID": "ef6061007e134322bc2cdc9c46104ed1",
            "evt": "onClick",
            "platform": null
        },
        "language": "js",
        "actions": [{
            "id": "NAMED_ACTION____205c24fc46ad4dea81466550ee59893e",
            "type": "NAMED_ACTION",
            "sequenceKUID": "AS_FlexContainer_b964a0a87c044c76a8d675991d32122d",
            "display": "AS_FlexContainer_b964a0a87c044c76a8d675991d32122d",
            "inputparams": [{
                "datatype": "collection",
                "name": "eventobject",
                "value": "eventobject"
            }],
            "parentId": null,
            "callbackType": null,
            "disabled": false,
            "isMasterInstanceAction": true
        }]
    }
}