{
    "AS_FlexContainer_23844e9592144c579164195cfa725b17": {
        "id": "AS_FlexContainer_23844e9592144c579164195cfa725b17",
        "type": "ACTION_SEQUENCE",
        "params": [{
            "datatype": "collection",
            "name": "eventobject"
        }],
        "contextObj": {
            "name": "frmAccountList",
            "type": "forms",
            "platform": "",
            "KUID": "9e1347a67cdb4e9c8501d2589037ac87"
        },
        "sourceObj": {
            "itemKUID": "a64bf3be88fb4625ab27ec58eca72dc6",
            "widgetKUID": "82c9481cf97a45c3a9e294c871ff2d92",
            "evt": "onClick",
            "platform": null
        },
        "language": "js",
        "actions": [{
            "id": "NAMED_ACTION____f51b80f5018f443497e54df6798d3df5",
            "type": "NAMED_ACTION",
            "sequenceKUID": "AS_FlexContainer_7f9c8829fe7444c6a68fb9d135a3208d",
            "display": "AS_FlexContainer_7f9c8829fe7444c6a68fb9d135a3208d",
            "inputparams": [{
                "datatype": "collection",
                "name": "eventobject",
                "value": "eventobject"
            }],
            "parentId": null,
            "callbackType": null,
            "disabled": false,
            "isMasterInstanceAction": true
        }]
    }
}