{
    "AS_FlexContainer_0b2650f7888947828d36cb3b6110a7b5": {
        "id": "AS_FlexContainer_0b2650f7888947828d36cb3b6110a7b5",
        "type": "ACTION_SEQUENCE",
        "params": [{
            "datatype": "collection",
            "name": "eventobject"
        }],
        "sourceObj": {
            "itemKUID": "9eabf76e652f403eba8d0172900a96ef",
            "widgetKUID": "ef6061007e134322bc2cdc9c46104ed1",
            "evt": "onClick",
            "platform": null
        },
        "language": "js",
        "actions": [{
            "id": "NAMED_ACTION____19eed644922b44bdad3a56b4312874c5",
            "type": "NAMED_ACTION",
            "sequenceKUID": "AS_FlexContainer_b964a0a87c044c76a8d675991d32122d",
            "display": "AS_FlexContainer_b964a0a87c044c76a8d675991d32122d",
            "inputparams": [{
                "datatype": "collection",
                "name": "eventobject",
                "value": "eventobject"
            }],
            "parentId": null,
            "callbackType": null,
            "disabled": false,
            "isMasterInstanceAction": true
        }]
    }
}