{
    "AS_FlexContainer_11daeb57f2364a70b0e3330acb13f4fc": {
        "id": "AS_FlexContainer_11daeb57f2364a70b0e3330acb13f4fc",
        "type": "ACTION_SEQUENCE",
        "params": [{
            "datatype": "collection",
            "name": "eventobject"
        }],
        "contextObj": {
            "name": "CopyfrmAccountListKA0b9e7949f30d14e",
            "type": "forms",
            "platform": null,
            "KUID": "be2c70ae680346f3b5c29f3509d9651e"
        },
        "sourceObj": {
            "itemKUID": "a64bf3be88fb4625ab27ec58eca72dc6",
            "widgetKUID": "d5ef017f114c440eaf48e05459df652c",
            "evt": "onClick",
            "platform": null
        },
        "language": "js",
        "actions": []
    }
}