{
    "AS_FlexContainer_06a685703a68421dbe4f1e65bd50688d": {
        "id": "AS_FlexContainer_06a685703a68421dbe4f1e65bd50688d",
        "type": "ACTION_SEQUENCE",
        "params": [{
            "datatype": "collection",
            "name": "eventobject"
        }],
        "language": "js",
        "actions": [{
            "id": "ADD_SNIPPET_ide_onClick_697a64a7144a46c9a43a037a8fc6f80f",
            "type": "ADD_SNIPPET",
            "codeSnippet": "sliderMenu();\nfrmOpportunityListKA.show();",
            "callbackType": null
        }]
    }
}