{
    "AS_FlexContainer_27793fdcaa8841169d343515c8ed0daf": {
        "id": "AS_FlexContainer_27793fdcaa8841169d343515c8ed0daf",
        "type": "ACTION_SEQUENCE",
        "params": [{
            "datatype": "collection",
            "name": "eventobject"
        }],
        "sourceObj": {
            "itemKUID": "9eabf76e652f403eba8d0172900a96ef",
            "widgetKUID": "8bd9db48b3e14d4b90205438812b8a30",
            "evt": "onClick",
            "platform": null
        },
        "language": "js",
        "actions": [{
            "id": "NAMED_ACTION____1f133c5af931406c8c005006243951bf",
            "type": "NAMED_ACTION",
            "sequenceKUID": "AS_FlexContainer_33a1184b75c04e279b84f2e1c98c0efb",
            "display": "AS_FlexContainer_33a1184b75c04e279b84f2e1c98c0efb",
            "inputparams": [{
                "datatype": "collection",
                "name": "eventobject",
                "value": "eventobject"
            }],
            "parentId": null,
            "callbackType": null,
            "disabled": false,
            "isMasterInstanceAction": true
        }]
    }
}