{
    "AS_FlexContainer_247f13d687c44ca0ba1c2b2b0598447c": {
        "id": "AS_FlexContainer_247f13d687c44ca0ba1c2b2b0598447c",
        "type": "ACTION_SEQUENCE",
        "params": [{
            "datatype": "collection",
            "name": "eventobject"
        }],
        "contextObj": {
            "name": "frmDashboard",
            "type": "forms",
            "platform": "",
            "KUID": "7fa478994d0243ebafe1e599aee9b6bc"
        },
        "language": "js",
        "actions": [{
            "id": "ADD_SNIPPET__01c06b5ccf534ce8b944aec1a544a0dc",
            "type": "ADD_SNIPPET",
            "codeSnippet": "sliderMenu();\nfrmOpportunityListKA.show();",
            "parentId": null,
            "callbackType": null
        }]
    }
}