{
    "AS_FlexContainer_122a18a14b2e45939b5d525fd41613f7": {
        "id": "AS_FlexContainer_122a18a14b2e45939b5d525fd41613f7",
        "type": "ACTION_SEQUENCE",
        "params": [{
            "datatype": "collection",
            "name": "eventobject"
        }],
        "contextObj": {
            "name": "frmOpportunityList",
            "type": "forms",
            "platform": "",
            "KUID": "193dda2a77244e1b8c67346b17a1776f"
        },
        "sourceObj": {
            "itemKUID": "9eabf76e652f403eba8d0172900a96ef",
            "widgetKUID": "04e87cd6ab934f22abfd238f0f4a788c",
            "evt": "onClick",
            "platform": null
        },
        "language": "js",
        "actions": [{
            "id": "NAMED_ACTION____a48f2ac49c0749848c6c3fec84c7a4bf",
            "type": "NAMED_ACTION",
            "sequenceKUID": "AS_FlexContainer_6bd00e33677d44cf9330aa4068410402",
            "display": "AS_FlexContainer_6bd00e33677d44cf9330aa4068410402",
            "inputparams": [{
                "datatype": "collection",
                "name": "eventobject",
                "value": "eventobject"
            }],
            "parentId": null,
            "callbackType": null,
            "disabled": false,
            "isMasterInstanceAction": true
        }]
    }
}