{
    "AS_FlexContainer_0357d2d0eef343858d7a4f842b4c5aae": {
        "id": "AS_FlexContainer_0357d2d0eef343858d7a4f842b4c5aae",
        "type": "ACTION_SEQUENCE",
        "params": [{
            "datatype": "collection",
            "name": "eventobject"
        }],
        "contextObj": {
            "name": "frmAccountList",
            "type": "forms",
            "platform": "",
            "KUID": "9e1347a67cdb4e9c8501d2589037ac87"
        },
        "sourceObj": {
            "itemKUID": "9eabf76e652f403eba8d0172900a96ef",
            "widgetKUID": "04e87cd6ab934f22abfd238f0f4a788c",
            "evt": "onClick"
        },
        "language": "js",
        "actions": [{
            "id": "NAMED_ACTION____549c769b9487426c9b7c152817058029",
            "type": "NAMED_ACTION",
            "sequenceKUID": "AS_FlexContainer_6bd00e33677d44cf9330aa4068410402",
            "display": "AS_FlexContainer_6bd00e33677d44cf9330aa4068410402",
            "inputparams": [{
                "datatype": "collection",
                "name": "eventobject",
                "value": "eventobject"
            }],
            "parentId": null,
            "callbackType": null,
            "disabled": false,
            "isMasterInstanceAction": true
        }]
    }
}