{
    "AS_FlexContainer_2758f944a498460b864cbb6df7b3a40c": {
        "id": "AS_FlexContainer_2758f944a498460b864cbb6df7b3a40c",
        "type": "ACTION_SEQUENCE",
        "params": [{
            "datatype": "collection",
            "name": "eventobject"
        }],
        "language": "js",
        "actions": [{
            "id": "ADD_SNIPPET_ide_onClick_97edd7cba13f4d41847e82b5bf96f75d",
            "type": "ADD_SNIPPET",
            "codeSnippet": " var frmId = kony.application.getCurrentForm();\n        frmId[\"flxHamburger\"].animate(\n        kony.ui.createAnimation({      \n          100:{\n      \t\t\"left\":  \"-70%\",\n      \t\t\"stepConfig\": {\"timingFunction\": kony.anim.EASIN_IN_OUT}} \n      }),{\"fillMode\": kony.anim.FILL_MODE_FORWARDS,\"duration\": 0.20,\"delay\":0.20},{\n\t\t\t\t\"animationEnd\": function() {\n                  frmId.flxCloseMenu.isVisible = false;\n                }\n\t\t\t});",
            "callbackType": null
        }]
    }
}