{
    "AS_FlexContainer_06ff7905d6f24f8e91a4b8b79ba61d46": {
        "id": "AS_FlexContainer_06ff7905d6f24f8e91a4b8b79ba61d46",
        "type": "ACTION_SEQUENCE",
        "params": [{
            "datatype": "collection",
            "name": "eventobject"
        }],
        "contextObj": {
            "name": "frmOpportunityList",
            "type": "forms",
            "platform": "",
            "KUID": "193dda2a77244e1b8c67346b17a1776f"
        },
        "sourceObj": {
            "itemKUID": "9eabf76e652f403eba8d0172900a96ef",
            "widgetKUID": "eefeff23eb574d6d8a0ae0ff7f6211af",
            "evt": "onClick",
            "platform": null
        },
        "language": "js",
        "actions": [{
            "id": "NAMED_ACTION____2c28aa8ab0a2488a9482f3bd540e6727",
            "type": "NAMED_ACTION",
            "sequenceKUID": "AS_FlexContainer_5dd61fe857ce4e8bba76a76de541f780",
            "display": "AS_FlexContainer_5dd61fe857ce4e8bba76a76de541f780",
            "inputparams": [{
                "datatype": "collection",
                "name": "eventobject",
                "value": "eventobject"
            }],
            "parentId": null,
            "callbackType": null,
            "disabled": false,
            "isMasterInstanceAction": true
        }]
    }
}