{
    "AS_FlexContainer_1ab8bbfb762945ef87fa4de6169297a3": {
        "id": "AS_FlexContainer_1ab8bbfb762945ef87fa4de6169297a3",
        "type": "ACTION_SEQUENCE",
        "params": [{
            "datatype": "collection",
            "name": "eventobject"
        }],
        "contextObj": {
            "name": "frmDashboard",
            "type": "forms",
            "platform": "",
            "KUID": "7fa478994d0243ebafe1e599aee9b6bc"
        },
        "sourceObj": {
            "itemKUID": "f7295fca3d614b3bacc1bfdea7c14d20",
            "widgetKUID": "9805a340183a407da14d2ec9c8ae3f8d",
            "evt": "onClick",
            "platform": null
        },
        "language": "js",
        "actions": [{
            "id": "NAMED_ACTION____9046a410564446909299ac8cfd8b9309",
            "type": "NAMED_ACTION",
            "sequenceKUID": "AS_FlexContainer_71f7722c108044638d099c708dc89d3c",
            "display": "AS_FlexContainer_71f7722c108044638d099c708dc89d3c",
            "inputparams": [{
                "datatype": "collection",
                "name": "eventobject",
                "value": "eventobject"
            }],
            "parentId": null,
            "callbackType": null,
            "disabled": false,
            "isMasterInstanceAction": true
        }]
    }
}