{
    "AS_FlexContainer_179ad85330394b38a688e70cde5f3f8a": {
        "id": "AS_FlexContainer_179ad85330394b38a688e70cde5f3f8a",
        "type": "ACTION_SEQUENCE",
        "params": [{
            "datatype": "collection",
            "name": "eventobject"
        }],
        "language": "js",
        "actions": [{
            "id": "ADD_SNIPPET_ide_onClick_6e450c9270ee412598e92b8e3524f87b",
            "type": "ADD_SNIPPET",
            "codeSnippet": "kony.print(\"myString\");",
            "callbackType": null
        }]
    }
}