{
    "AS_FlexContainer_0d753ff8621c4a29a20cb17bd091a8d7": {
        "id": "AS_FlexContainer_0d753ff8621c4a29a20cb17bd091a8d7",
        "type": "ACTION_SEQUENCE",
        "params": [{
            "datatype": "collection",
            "name": "eventobject"
        }],
        "contextObj": {
            "name": "Form009721c72621444",
            "type": "forms",
            "platform": null,
            "KUID": "a5035e20d6924282a8dca7604bf0d542"
        },
        "sourceObj": {
            "itemKUID": "a64bf3be88fb4625ab27ec58eca72dc6",
            "widgetKUID": "f2c4f9743bdf415f9c1aa7f9e22d4035",
            "evt": "onClick",
            "platform": null
        },
        "language": "js",
        "actions": [{
            "id": "NAMED_ACTION____6ef3eccb2abc4fecb55cea3c6967fefd",
            "type": "NAMED_ACTION",
            "sequenceKUID": "AS_FlexContainer_fba5ac41fd1445919eea5d31775ffe73",
            "display": "AS_FlexContainer_fba5ac41fd1445919eea5d31775ffe73",
            "inputparams": [{
                "datatype": "collection",
                "name": "eventobject",
                "value": "eventobject"
            }],
            "parentId": null,
            "callbackType": null,
            "disabled": false,
            "isMasterInstanceAction": true
        }]
    }
}