{
    "AS_FlexContainer_2003c84f3f1943d9b464c66f4d6fa890": {
        "id": "AS_FlexContainer_2003c84f3f1943d9b464c66f4d6fa890",
        "type": "ACTION_SEQUENCE",
        "params": [{
            "datatype": "collection",
            "name": "eventobject"
        }],
        "contextObj": {
            "name": "frmDashboard",
            "type": "forms",
            "platform": "",
            "KUID": "7fa478994d0243ebafe1e599aee9b6bc"
        },
        "sourceObj": {
            "itemKUID": "9eabf76e652f403eba8d0172900a96ef",
            "widgetKUID": "04e87cd6ab934f22abfd238f0f4a788c",
            "evt": "onClick",
            "platform": null
        },
        "language": "js",
        "actions": [{
            "id": "NAMED_ACTION____f134eca828d14158bc7576c341ff16ac",
            "type": "NAMED_ACTION",
            "sequenceKUID": "AS_FlexContainer_6bd00e33677d44cf9330aa4068410402",
            "display": "AS_FlexContainer_6bd00e33677d44cf9330aa4068410402",
            "inputparams": [{
                "datatype": "collection",
                "name": "eventobject",
                "value": "eventobject"
            }],
            "parentId": null,
            "callbackType": null,
            "disabled": false,
            "isMasterInstanceAction": true
        }]
    }
}