{
    "AS_FlexContainer_2852723b20f543f1b13febb4d25f473c": {
        "id": "AS_FlexContainer_2852723b20f543f1b13febb4d25f473c",
        "type": "ACTION_SEQUENCE",
        "params": [{
            "datatype": "collection",
            "name": "eventobject"
        }],
        "contextObj": {
            "name": "frmOpportunityList",
            "type": "forms",
            "platform": "",
            "KUID": "193dda2a77244e1b8c67346b17a1776f"
        },
        "sourceObj": {
            "itemKUID": "9eabf76e652f403eba8d0172900a96ef",
            "widgetKUID": "8f802c6ba1db47a890609c9cf8a913e4",
            "evt": "onClick",
            "platform": null
        },
        "language": "js",
        "actions": [{
            "id": "NAMED_ACTION____b4f8708ba86c4fa9ae3a2f5522e602e7",
            "type": "NAMED_ACTION",
            "sequenceKUID": "AS_FlexContainer_0a1fdffbdb1e4243827494e5b630b502",
            "display": "AS_FlexContainer_0a1fdffbdb1e4243827494e5b630b502",
            "inputparams": [{
                "datatype": "collection",
                "name": "eventobject",
                "value": "eventobject"
            }],
            "parentId": null,
            "callbackType": null,
            "disabled": false,
            "isMasterInstanceAction": true
        }]
    }
}