{
    "AS_FlexContainer_09750ba7aabb4559a3ae1f7c1644379a": {
        "id": "AS_FlexContainer_09750ba7aabb4559a3ae1f7c1644379a",
        "type": "ACTION_SEQUENCE",
        "params": [{
            "datatype": "collection",
            "name": "eventobject"
        }],
        "contextObj": {
            "name": "CopyfrmAccountListKA0b9e7949f30d14e",
            "type": "forms",
            "platform": null,
            "KUID": "be2c70ae680346f3b5c29f3509d9651e"
        },
        "sourceObj": {
            "itemKUID": "a64bf3be88fb4625ab27ec58eca72dc6",
            "widgetKUID": "f2c4f9743bdf415f9c1aa7f9e22d4035",
            "evt": "onClick",
            "platform": null
        },
        "language": "js",
        "actions": [{
            "id": "NAMED_ACTION____de1a0bbe25ca4ec0b3cdf6b2990c1eec",
            "type": "NAMED_ACTION",
            "sequenceKUID": "AS_FlexContainer_fba5ac41fd1445919eea5d31775ffe73",
            "display": "AS_FlexContainer_fba5ac41fd1445919eea5d31775ffe73",
            "inputparams": [{
                "datatype": "collection",
                "name": "eventobject",
                "value": "eventobject"
            }],
            "parentId": null,
            "callbackType": null,
            "disabled": false,
            "isMasterInstanceAction": true
        }]
    }
}