{"name":"identitySalesForce","displayName":"identitySalesForce","type":"salesforce","version":"v1","metaPreference":-1,"config":"{\"client_secret\":\"2680511173680346128\",\"client_id\":\"3MVG9Y6d_Btp4xp4gAXiMkH2psil1Xc84BjA9Ipdh.4jMUIP74FqRYgsuj6m67RyNiArr4VLE9uKDxxWuOCJG\",\"isOAuthEnabled\":\"false\",\"url\":\"https://login.salesforce.com/services/oauth2/token\"}","policyConfig":"{\"max_login_fail\":5,\"def_user_status\":\"pending\"}","admissionPolicy":"no_approval_needed","ssoenabled":false}