{
    "AS_FlexContainer_f73ca870b86041a1822d35ce73597c8d": {
        "id": "AS_FlexContainer_f73ca870b86041a1822d35ce73597c8d",
        "type": "ACTION_SEQUENCE",
        "params": [{
            "datatype": "collection",
            "name": "eventobject"
        }],
        "contextObj": {
            "name": "MasterHamburger",
            "type": "masters",
            "KUID": "9eabf76e652f403eba8d0172900a96ef"
        },
        "language": "js",
        "actions": [{
            "id": "ADD_SNIPPET__e64971bf4d0847ef854d62bbb603d341",
            "type": "ADD_SNIPPET",
            "codeSnippet": "  var frmId = kony.application.getCurrentForm();\n        frmId[\"flxParent\"].animate(\n        kony.ui.createAnimation({      \n          100:{\n      \t\t\"left\":  \"0%\",\n      \t\t\"stepConfig\": {\"timingFunction\": kony.anim.EASIN_IN_OUT}} \n      }),{\"fillMode\": kony.anim.FILL_MODE_FORWARDS,\"duration\": 0.20,\"delay\":0.20},{\n\t\t\t\t\"animationEnd\": function() {\n                  frmOpportunityList.show();\n\t\t\t\t}\n\t\t\t});\n\n",
            "parentId": null,
            "callbackType": null
        }]
    }
}