{
    "AS_FlexContainer_b964a0a87c044c76a8d675991d32122d": {
        "id": "AS_FlexContainer_b964a0a87c044c76a8d675991d32122d",
        "type": "ACTION_SEQUENCE",
        "params": [{
            "datatype": "collection",
            "name": "eventobject"
        }],
        "contextObj": {
            "name": "MasterHamburger",
            "type": "masters",
            "KUID": "9eabf76e652f403eba8d0172900a96ef"
        },
        "language": "js",
        "actions": [{
            "id": "ADD_SNIPPET__8d1ec21f83ca43a2b0f510ffc2ba91b5",
            "type": "ADD_SNIPPET",
            "codeSnippet": "var frmId = kony.application.getCurrentForm();\n        frmId[\"flxParent\"].animate(\n        kony.ui.createAnimation({      \n          100:{\n      \t\t\"left\":  \"0%\",\n      \t\t\"stepConfig\": {\"timingFunction\": kony.anim.EASIN_IN_OUT}} \n      }),{\"fillMode\": kony.anim.FILL_MODE_FORWARDS,\"duration\": 0.20,\"delay\":0.20},{\n\t\t\t\t\"animationEnd\": function() {\n\t\t\t\t\t frmLogin.txtbxUserName.text = \"\";\n                      frmLogin.txtbxPassword.text = \"\";\n                   \n\t\t\t\t}\n\t\t\t});\n   frmLogin.show();",
            "parentId": null,
            "callbackType": null
        }]
    }
}