{
    "AS_FlexContainer_d684cec4575445e2bea25c84cf0c4542": {
        "id": "AS_FlexContainer_d684cec4575445e2bea25c84cf0c4542",
        "type": "ACTION_SEQUENCE",
        "params": [{
            "datatype": "collection",
            "name": "eventobject"
        }],
        "contextObj": {
            "name": "MasterHamburger",
            "type": "masters",
            "KUID": "9eabf76e652f403eba8d0172900a96ef"
        },
        "language": "js",
        "actions": [{
            "id": "ADD_SNIPPET__08336f081ca243019158978e7679022e",
            "type": "ADD_SNIPPET",
            "codeSnippet": null,
            "parentId": null,
            "callbackType": null
        }]
    }
}