{
    "AS_FlexContainer_03b60738c6644a8ab5f845a909411fa2": {
        "id": "AS_FlexContainer_03b60738c6644a8ab5f845a909411fa2",
        "type": "ACTION_SEQUENCE",
        "params": [{
            "datatype": "collection",
            "name": "eventobject"
        }],
        "contextObj": {
            "name": "MasterHamburger",
            "type": "masters",
            "KUID": "9eabf76e652f403eba8d0172900a96ef"
        },
        "language": "js",
        "actions": [{
            "id": "ADD_SNIPPET__8792302e9e3e4eb793627a34be5e5e72",
            "type": "ADD_SNIPPET",
            "codeSnippet": "  var frmId = kony.application.getCurrentForm();\n        frmId[\"flxParent\"].animate(\n        kony.ui.createAnimation({      \n          100:{\n      \t\t\"left\":  \"0%\",\n      \t\t\"stepConfig\": {\"timingFunction\": kony.anim.EASIN_IN_OUT}} \n      }),{\"fillMode\": kony.anim.FILL_MODE_FORWARDS,\"duration\": 0.20,\"delay\":0.20},{\n\t\t\t\t\"animationEnd\": function() {\n\t\t\t\t}\n\t\t\t});\n\nfrmDashboard.show();",
            "parentId": null,
            "callbackType": null
        }]
    }
}