{
    "AS_FlexContainer_77a9de1cd52a4876b6b4728040c05316": {
        "id": "AS_FlexContainer_77a9de1cd52a4876b6b4728040c05316",
        "type": "ACTION_SEQUENCE",
        "params": [{
            "datatype": "collection",
            "name": "eventobject"
        }],
        "contextObj": {
            "name": "MasterHamburger",
            "type": "masters",
            "KUID": "9eabf76e652f403eba8d0172900a96ef"
        },
        "language": "js",
        "actions": [{
            "id": "ADD_SNIPPET__cd9a709bf2af447faf2691a0d693883a",
            "type": "ADD_SNIPPET",
            "codeSnippet": "var frmId = kony.application.getCurrentForm();\n        frmId[\"flxHamburger\"].animate(\n        kony.ui.createAnimation({      \n          100:{\n      \t\t\"left\":  \"-100%\",\n      \t\t\"stepConfig\": {\"timingFunction\": kony.anim.EASIN_IN_OUT}} \n      }),{\"fillMode\": kony.anim.FILL_MODE_FORWARDS,\"duration\": 0.20,\"delay\":0.20},{\n\t\t\t\t\"animationEnd\": function() {\n                  //frmId.flxCloseMenu.isVisible = false;\n\t\t\t\t}\n\t\t\t});\nfrmAccountListKA.show();",
            "parentId": null,
            "callbackType": null
        }]
    }
}