{
    "AS_FlexContainer_9ad99922ea224161ae87fc91501d2f0c": {
        "id": "AS_FlexContainer_9ad99922ea224161ae87fc91501d2f0c",
        "type": "ACTION_SEQUENCE",
        "params": [{
            "datatype": "collection",
            "name": "eventobject"
        }],
        "contextObj": {
            "name": "hamburgerMenu",
            "type": "masters",
            "KUID": "a64bf3be88fb4625ab27ec58eca72dc6"
        },
        "sourceObj": {
            "itemKUID": "a64bf3be88fb4625ab27ec58eca72dc6",
            "widgetKUID": "82c9481cf97a45c3a9e294c871ff2d92",
            "evt": "onClick",
            "platform": null
        },
        "language": "js",
        "actions": [{
            "id": "NAMED_ACTION____96e10942fe3c40d39816189b5c86170a",
            "type": "NAMED_ACTION",
            "sequenceKUID": "AS_FlexContainer_7f9c8829fe7444c6a68fb9d135a3208d",
            "display": "AS_FlexContainer_7f9c8829fe7444c6a68fb9d135a3208d",
            "inputparams": [{
                "datatype": "collection",
                "name": "eventobject",
                "value": "eventobject"
            }],
            "parentId": null,
            "callbackType": null,
            "disabled": false,
            "isMasterInstanceAction": true
        }]
    }
}