{
    "AS_FlexContainer_6735d42629fc4f8c90275e45b976062c": {
        "id": "AS_FlexContainer_6735d42629fc4f8c90275e45b976062c",
        "type": "ACTION_SEQUENCE",
        "params": [{
            "datatype": "collection",
            "name": "eventobject"
        }, {
            "datatype": "string",
            "name": "x"
        }, {
            "datatype": "string",
            "name": "y"
        }],
        "contextObj": {
            "name": "hamburgerMenu",
            "type": "masters",
            "KUID": "a64bf3be88fb4625ab27ec58eca72dc6"
        },
        "language": "js",
        "actions": []
    }
}