{
    "AS_FlexContainer_a152de63f8824069a87850797061cc04": {
        "id": "AS_FlexContainer_a152de63f8824069a87850797061cc04",
        "type": "ACTION_SEQUENCE",
        "params": [{
            "datatype": "collection",
            "name": "eventobject"
        }],
        "contextObj": {
            "name": "MasterHamburger",
            "type": "masters",
            "KUID": "9eabf76e652f403eba8d0172900a96ef"
        },
        "language": "js",
        "actions": [{
            "id": "ADD_SNIPPET__9ea3ffc0216f4edaaad71f1b1f1a07a0",
            "type": "ADD_SNIPPET",
            "codeSnippet": "var frmId = kony.application.getCurrentForm();\n        frmId[\"flxParent\"].animate(\n        kony.ui.createAnimation({      \n          100:{\n      \t\t\"left\":  \"0%\",\n      \t\t\"stepConfig\": {\"timingFunction\": kony.anim.EASIN_IN_OUT}} \n      }),{\"fillMode\": kony.anim.FILL_MODE_FORWARDS,\"duration\": 0.20,\"delay\":0.20},{\n\t\t\t\t\"animationEnd\": function() {\n                    frmLogin.txtbxUserName.text = \"\";\n        \t\t\tfrmLogin.txtbxPassword.text = \"\";\n        \t\t\tfrmLogin.show();\n\t\t\t\t}\n\t\t\t});\n\n\t\t\n      \n  ",
            "parentId": null,
            "callbackType": null
        }]
    }
}