{
    "AS_FlexContainer_3ef2bea16fae44adb9314b3bc305702b": {
        "id": "AS_FlexContainer_3ef2bea16fae44adb9314b3bc305702b",
        "type": "ACTION_SEQUENCE",
        "params": [{
            "datatype": "collection",
            "name": "eventobject"
        }],
        "contextObj": {
            "name": "MasterHamburger",
            "type": "masters",
            "KUID": "9eabf76e652f403eba8d0172900a96ef"
        },
        "language": "js",
        "actions": [{
            "id": "ADD_SNIPPET__e8d6ac68d90a4719beaa9a35aa9f18a2",
            "type": "ADD_SNIPPET",
            "codeSnippet": "  var frmId = kony.application.getCurrentForm();\n        frmId[\"flxHamburger\"].animate(\n        kony.ui.createAnimation({      \n          100:{\n      \t\t\"left\":  \"-70%\",\n      \t\t\"stepConfig\": {\"timingFunction\": kony.anim.EASIN_IN_OUT}} \n      }),{\"fillMode\": kony.anim.FILL_MODE_FORWARDS,\"duration\": 0.20,\"delay\":0.20},{\n\t\t\t\t\"animationEnd\": function() {\n                  frmId.flxCloseMenu.isVisible = false;\n\t\t\t\t}\n\t\t\t});\n\nfrmLoginVA.show();",
            "parentId": null,
            "callbackType": null
        }]
    }
}