{
    "AS_FlexContainer_92066211cd7c4ae4843bd26bb5de59f4": {
        "id": "AS_FlexContainer_92066211cd7c4ae4843bd26bb5de59f4",
        "type": "ACTION_SEQUENCE",
        "params": [{
            "datatype": "collection",
            "name": "eventobject"
        }],
        "contextObj": {
            "name": "hamburgerMenu",
            "type": "masters",
            "KUID": "a64bf3be88fb4625ab27ec58eca72dc6"
        },
        "sourceObj": {
            "itemKUID": "a64bf3be88fb4625ab27ec58eca72dc6",
            "widgetKUID": "327d83e5f7474270baae63eafcb6b78d",
            "evt": "onClick",
            "platform": null
        },
        "language": "js",
        "actions": [{
            "id": "NAMED_ACTION____3d37ce0cf66148cb8068ad6ec9a6d42e",
            "type": "NAMED_ACTION",
            "sequenceKUID": "AS_FlexContainer_f3ed90f29b73415680e24679aae9f9d8",
            "display": "AS_FlexContainer_f3ed90f29b73415680e24679aae9f9d8",
            "inputparams": [{
                "datatype": "collection",
                "name": "eventobject",
                "value": "eventobject"
            }],
            "parentId": null,
            "callbackType": null,
            "disabled": false,
            "isMasterInstanceAction": true
        }]
    }
}