{
    "AS_FlexContainer_610647b548e84bc1b8ecc7e634ef6ae2": {
        "id": "AS_FlexContainer_610647b548e84bc1b8ecc7e634ef6ae2",
        "type": "ACTION_SEQUENCE",
        "params": [{
            "datatype": "collection",
            "name": "eventobject"
        }],
        "contextObj": {
            "name": "MasterHamburger",
            "type": "masters",
            "KUID": "9eabf76e652f403eba8d0172900a96ef"
        },
        "language": "js",
        "actions": [{
            "id": "ADD_SNIPPET__67786d8f5ec047d2bb9499ddd58d72dc",
            "type": "ADD_SNIPPET",
            "codeSnippet": null,
            "parentId": null,
            "callbackType": null
        }]
    }
}