{
    "AS_FlexContainer_9889de209c104745b155edf3287b4f06": {
        "id": "AS_FlexContainer_9889de209c104745b155edf3287b4f06",
        "type": "ACTION_SEQUENCE",
        "params": [{
            "datatype": "collection",
            "name": "eventobject"
        }],
        "contextObj": {
            "name": "MasterHamburger",
            "type": "masters",
            "KUID": "9eabf76e652f403eba8d0172900a96ef"
        },
        "language": "js",
        "actions": [{
            "id": "ADD_SNIPPET__a8f49479cca24fdd81795a556849e5b3",
            "type": "ADD_SNIPPET",
            "codeSnippet": "var frmId = kony.application.getCurrentForm();\n        frmId[\"flxParent\"].animate(\n        kony.ui.createAnimation({      \n          100:{\n      \t\t\"left\":  \"0%\",\n      \t\t\"stepConfig\": {\"timingFunction\": kony.anim.EASIN_IN_OUT}} \n      }),{\"fillMode\": kony.anim.FILL_MODE_FORWARDS,\"duration\": 0.20,\"delay\":0.20},{\n\t\t\t\t\"animationEnd\": function() {\n\t\t\t\t}\n\t\t\t});\n\nif ((frmLogin.rememberME.selectedKeys !== null)) {\n        frmLogin.show();\n    } else {\n        frmLogin.txtbxUserName.text = \"\";\n        frmLogin.txtbxPassword.text = \"\";\n        frmLogin.show();\n    }",
            "parentId": null,
            "callbackType": null
        }]
    }
}