{
    "AS_FlexContainer_0156dbb04ddc4000be8a09505adae879": {
        "id": "AS_FlexContainer_0156dbb04ddc4000be8a09505adae879",
        "type": "ACTION_SEQUENCE",
        "params": [{
            "datatype": "collection",
            "name": "eventobject"
        }, {
            "datatype": "string",
            "name": "x"
        }, {
            "datatype": "string",
            "name": "y"
        }],
        "contextObj": {
            "name": "MasterHamburger",
            "type": "masters",
            "KUID": "9eabf76e652f403eba8d0172900a96ef"
        },
        "language": "js",
        "actions": []
    }
}