{
    "AS_FlexContainer_33a1184b75c04e279b84f2e1c98c0efb": {
        "id": "AS_FlexContainer_33a1184b75c04e279b84f2e1c98c0efb",
        "type": "ACTION_SEQUENCE",
        "params": [{
            "datatype": "collection",
            "name": "eventobject"
        }],
        "contextObj": {
            "name": "MasterHamburger",
            "type": "masters",
            "KUID": "9eabf76e652f403eba8d0172900a96ef"
        },
        "language": "js",
        "actions": [{
            "id": "ADD_SNIPPET__202a3d6680e849beb7d15310cfebda5c",
            "type": "ADD_SNIPPET",
            "codeSnippet": "  var frmId = kony.application.getCurrentForm();\n        frmId[\"flxParent\"].animate(\n        kony.ui.createAnimation({      \n          100:{\n      \t\t\"left\":  \"0%\",\n      \t\t\"stepConfig\": {\"timingFunction\": kony.anim.EASIN_IN_OUT}} \n      }),{\"fillMode\": kony.anim.FILL_MODE_FORWARDS,\"duration\": 0.20,\"delay\":0.20},{\n\t\t\t\t\"animationEnd\": function() {\n                  \n\t\t\t\t}\n\t\t\t});\nfrmOpportunityList.show();\n",
            "parentId": null,
            "callbackType": null
        }]
    }
}