{
    "AS_FlexContainer_f653ebf9ec904bbda2701fcbd4f49688": {
        "id": "AS_FlexContainer_f653ebf9ec904bbda2701fcbd4f49688",
        "type": "ACTION_SEQUENCE",
        "params": [{
            "datatype": "collection",
            "name": "eventobject"
        }],
        "contextObj": {
            "name": "MasterHamburger",
            "type": "masters",
            "KUID": "9eabf76e652f403eba8d0172900a96ef"
        },
        "language": "js",
        "actions": [{
            "id": "ADD_SNIPPET__fb196aa874c04f518a1b48ffd4bbd2b2",
            "type": "ADD_SNIPPET",
            "codeSnippet": "var frmId = kony.application.getCurrentForm();\n        frmId[\"flxParent\"].animate(\n        kony.ui.createAnimation({      \n          100:{\n      \t\t\"left\":  \"0%\",\n      \t\t\"stepConfig\": {\"timingFunction\": kony.anim.EASIN_IN_OUT}} \n      }),{\"fillMode\": kony.anim.FILL_MODE_FORWARDS,\"duration\": 0.20,\"delay\":0.20},{\n\t\t\t\t\"animationEnd\": function() {\n\t\t\t\t}\n\t\t\t});\n\nfrmOpportunityList.show();",
            "parentId": null,
            "callbackType": null
        }]
    }
}