{
    "AS_FlexContainer_bed7bfb33cf449f8b23aad22d9a77f9f": {
        "id": "AS_FlexContainer_bed7bfb33cf449f8b23aad22d9a77f9f",
        "type": "ACTION_SEQUENCE",
        "params": [{
            "datatype": "collection",
            "name": "eventobject"
        }],
        "contextObj": {
            "name": "MasterHamburger",
            "type": "masters",
            "KUID": "9eabf76e652f403eba8d0172900a96ef"
        },
        "language": "js",
        "actions": [{
            "id": "ADD_SNIPPET__42d8c0e5d6af4972b9d8ed4ddb1d7478",
            "type": "ADD_SNIPPET",
            "codeSnippet": "var frmId = kony.application.getCurrentForm();\n        frmId[\"flxHamburger\"].animate(\n        kony.ui.createAnimation({      \n          100:{\n      \t\t\"left\":  \"-100%\",\n      \t\t\"stepConfig\": {\"timingFunction\": kony.anim.EASIN_IN_OUT}} \n      }),{\"fillMode\": kony.anim.FILL_MODE_FORWARDS,\"duration\": 0.20,\"delay\":0.20},{\n\t\t\t\t\"animationEnd\": function() {\n                  //frmId.flxCloseMenu.isVisible = false;\n\t\t\t\t}\n\t\t\t});\nfrmId.flxCloseMenu.isVisible = false;",
            "parentId": null,
            "callbackType": null
        }]
    }
}