{
    "AS_FlexContainer_55ea4d07ceef4cf58c82c0c9ed2e594b": {
        "id": "AS_FlexContainer_55ea4d07ceef4cf58c82c0c9ed2e594b",
        "type": "ACTION_SEQUENCE",
        "params": [{
            "datatype": "collection",
            "name": "eventobject"
        }],
        "contextObj": {
            "name": "MasterHamburger",
            "type": "masters",
            "KUID": "9eabf76e652f403eba8d0172900a96ef"
        },
        "language": "js",
        "actions": [{
            "id": "ADD_SNIPPET_ide_onClick_671409296fdd4500af2f1f428802a503",
            "type": "ADD_SNIPPET",
            "codeSnippet": "  var frmId = kony.application.getCurrentForm();\n        frmId[\"flxHamburger\"].animate(\n        kony.ui.createAnimation({      \n          100:{\n      \t\t\"left\":  \"-70%\",\n      \t\t\"stepConfig\": {\"timingFunction\": kony.anim.EASIN_IN_OUT}} \n      }),{\"fillMode\": kony.anim.FILL_MODE_FORWARDS,\"duration\": 0.20,\"delay\":0.20},{\n\t\t\t\t\"animationEnd\": function() {\n                  frmId.flxCloseMenu.isVisible = false;\n\t\t\t\t}\n\t\t\t});\n\nfrmLoginVA.show();",
            "callbackType": null
        }]
    }
}