{
    "AS_FlexContainer_4f04e0540758436f86215b8701bfa98a": {
        "id": "AS_FlexContainer_4f04e0540758436f86215b8701bfa98a",
        "type": "ACTION_SEQUENCE",
        "params": [{
            "datatype": "collection",
            "name": "eventobject"
        }],
        "contextObj": {
            "name": "hamburgerMenu",
            "type": "masters",
            "KUID": "a64bf3be88fb4625ab27ec58eca72dc6"
        },
        "sourceObj": {
            "itemKUID": "a64bf3be88fb4625ab27ec58eca72dc6",
            "widgetKUID": "acd795f07e4549afb1bfaf4872bab58e",
            "evt": "onClick",
            "platform": null
        },
        "language": "js",
        "actions": [{
            "id": "NAMED_ACTION____e9e0f45fd29f45fbb84200f2b2128858",
            "type": "NAMED_ACTION",
            "sequenceKUID": "AS_FlexContainer_ba935d4c70c24b65a82647bd70c56e40",
            "display": "AS_FlexContainer_ba935d4c70c24b65a82647bd70c56e40",
            "inputparams": [{
                "datatype": "collection",
                "name": "eventobject",
                "value": "eventobject"
            }],
            "parentId": null,
            "callbackType": null,
            "disabled": false,
            "isMasterInstanceAction": true
        }]
    }
}