{
    "AS_FlexContainer_b357556242814c3497d596bee2558215": {
        "id": "AS_FlexContainer_b357556242814c3497d596bee2558215",
        "type": "ACTION_SEQUENCE",
        "params": [{
            "datatype": "collection",
            "name": "eventobject"
        }],
        "contextObj": {
            "name": "MasterHamburger",
            "type": "masters",
            "KUID": "9eabf76e652f403eba8d0172900a96ef"
        },
        "language": "js",
        "actions": [{
            "id": "ADD_SNIPPET__7af1bdad47ec40bca487cab9a84ee8b3",
            "type": "ADD_SNIPPET",
            "codeSnippet": " var frmId = kony.application.getCurrentForm();\n        frmId[\"flxParent\"].animate(\n        kony.ui.createAnimation({      \n          100:{\n      \t\t\"left\":  \"0%\",\n      \t\t\"stepConfig\": {\"timingFunction\": kony.anim.EASIN_IN_OUT}} \n      }),{\"fillMode\": kony.anim.FILL_MODE_FORWARDS,\"duration\": 0.20,\"delay\":0.20},{\n\t\t\t\t\"animationEnd\": function() {\n\t\t\t\t}\n\t\t\t});\n\nfrmAccountList.show();",
            "parentId": null,
            "callbackType": null
        }]
    }
}