{
    "AS_FlexContainer_7057735dfac945ecba49f7cff7a8e3de": {
        "id": "AS_FlexContainer_7057735dfac945ecba49f7cff7a8e3de",
        "type": "ACTION_SEQUENCE",
        "params": [{
            "datatype": "collection",
            "name": "eventobject"
        }],
        "contextObj": {
            "name": "MasterHamburger",
            "type": "masters",
            "KUID": "9eabf76e652f403eba8d0172900a96ef"
        },
        "language": "js",
        "actions": [{
            "id": "ADD_SNIPPET__29269189a4234201a6cb0398284e9e98",
            "type": "ADD_SNIPPET",
            "codeSnippet": "  var frmId = kony.application.getCurrentForm();\n        frmId[\"flxHamburger\"].animate(\n        kony.ui.createAnimation({      \n          100:{\n      \t\t\"left\":  \"-100%\",\n      \t\t\"stepConfig\": {\"timingFunction\": kony.anim.EASIN_IN_OUT}} \n      }),{\"fillMode\": kony.anim.FILL_MODE_FORWARDS,\"duration\": 0.20,\"delay\":0.20},{\n\t\t\t\t\"animationEnd\": function() {\n                  frmId.flxHamburger[\"flxCloseMenu\"].isVisible = false;\n\t\t\t\t}\n\t\t\t});",
            "parentId": null,
            "callbackType": null
        }]
    }
}