{
    "AS_FlexContainer_5bf81156afec4016b81a482fd9a460cd": {
        "id": "AS_FlexContainer_5bf81156afec4016b81a482fd9a460cd",
        "type": "ACTION_SEQUENCE",
        "params": [{
            "datatype": "collection",
            "name": "eventobject"
        }],
        "contextObj": {
            "name": "MasterHamburger",
            "type": "masters",
            "KUID": "9eabf76e652f403eba8d0172900a96ef"
        },
        "language": "js",
        "actions": [{
            "id": "ADD_SNIPPET__f5ecca3ee7354f91a4ba3eeea659476e",
            "type": "ADD_SNIPPET",
            "codeSnippet": null,
            "parentId": null,
            "callbackType": null
        }]
    }
}