{
    "AS_Image_5ba5fca22c9f48fab7cbec95542a082b": {
        "id": "AS_Image_5ba5fca22c9f48fab7cbec95542a082b",
        "type": "ACTION_SEQUENCE",
        "params": [{
            "datatype": "collection",
            "name": "eventobject"
        }, {
            "datatype": "string",
            "name": "x"
        }, {
            "datatype": "string",
            "name": "y"
        }],
        "contextObj": {
            "name": "MasterHamburger",
            "type": "masters",
            "KUID": "9eabf76e652f403eba8d0172900a96ef"
        },
        "language": "js",
        "actions": [{
            "id": "ADD_SNIPPET__1cb17382a64c46069df85e9fda22dba5",
            "type": "ADD_SNIPPET",
            "codeSnippet": null,
            "parentId": null,
            "callbackType": null
        }, {
            "id": "INVOKE_FUNCTION___04ed8d6db6214a86a7ce6bc5272141f6",
            "type": "INVOKE_FUNCTION",
            "display": "<>",
            "inputparams": [],
            "parentId": null,
            "callbackType": null,
            "disabled": null
        }]
    }
}