{
    "AS_Segment_19475136be454db898bb2e5219e72637": {
        "id": "AS_Segment_19475136be454db898bb2e5219e72637",
        "type": "ACTION_SEQUENCE",
        "params": [{
            "datatype": "collection",
            "name": "eventobject"
        }, {
            "datatype": "number",
            "name": "sectionNumber"
        }, {
            "datatype": "number",
            "name": "rowNumber"
        }],
        "contextObj": {
            "name": "Master083676b5327054f",
            "type": "masters",
            "KUID": "fe7e8569dbf54d38887cdebedae731b3"
        },
        "language": "js",
        "actions": []
    }
}